primary_label,secondary_labels,type,latitude,longitude,scientific_name,common_name,author,license,rating,url,filename
abethr1,[],['song'],4.3906,38.2788,Turdus tephronotus,African Bare-eyed Thrush,Rolf A. de By,Creative Commons Attribution-NonCommercial-ShareAlike 3.0,4.0,https://www.xeno-canto.org/128013,abethr1/XC128013.ogg
abethr1,[],['call'],-2.9524,38.2921,Turdus tephronotus,African Bare-eyed Thrush,James Bradley,Creative Commons Attribution-NonCommercial-ShareAlike 4.0,3.5,https://www.xeno-canto.org/363501,abethr1/XC363501.ogg
abethr1,[],['song'],-2.9524,38.2921,Turdus tephronotus,African Bare-eyed Thrush,James Bradley,Creative Commons Attribution-NonCommercial-ShareAlike 4.0,3.5,https://www.xeno-canto.org/363502,abethr1/XC363502.ogg
abethr1,[],['song'],-2.9524,38.2921,Turdus tephronotus,African Bare-eyed Thrush,James Bradley,Creative Commons Attribution-NonCommercial-ShareAlike 4.0,5.0,https://www.xeno-canto.org/363503,abethr1/XC363503.ogg
abethr1,[],"['call', 'song']",-2.9524,38.2921,Turdus tephronotus,African Bare-eyed Thrush,James Bradley,Creative Commons Attribution-NonCommercial-ShareAlike 4.0,4.5,https://www.xeno-canto.org/363504,abethr1/XC363504.ogg
abethr1,['rbsrob1'],['song'],-2.9524,38.2921,Turdus tephronotus,African Bare-eyed Thrush,James Bradley,Creative Commons Attribution-NonCommercial-ShareAlike 4.0,3.5,https://www.xeno-canto.org/379322,abethr1/XC379322.ogg
abethr1,[],"['call', 'song']",-2.9965,37.6244,Turdus tephronotus,African Bare-eyed Thrush,isaac kilusu,Creative Commons Attribution-NonCommercial-ShareAlike 4.0,3.0,https://www.xeno-canto.org/432639,abethr1/XC432639.ogg
abethr1,[],['song'],-4.0904,37.8807,Turdus tephronotus,African Bare-eyed Thrush,Peter Ericsson,Creative Commons Attribution-NonCommercial-ShareAlike 4.0,5.0,https://www.xeno-canto.org/467121,abethr1/XC467121.ogg
abethr1,[],['song'],-4.0904,37.8807,Turdus tephronotus,African Bare-eyed Thrush,Peter Ericsson,Creative Commons Attribution-NonCommercial-ShareAlike 4.0,5.0,https://www.xeno-canto.org/467122,abethr1/XC467122.ogg
abethr1,[],"['adult', 'sex uncertain', 'song']",4.8403,38.6988,Turdus tephronotus,African Bare-eyed Thrush,Barry Edmonston,Creative Commons Attribution-NonCommercial-ShareAlike 4.0,4.0,https://www.xeno-canto.org/531557,abethr1/XC531557.ogg
abethr1,[],['song'],,,Turdus tephronotus,African Bare-eyed Thrush,isaac kilusu,Creative Commons Attribution-NonCommercial-ShareAlike 4.0,4.0,https://www.xeno-canto.org/585802,abethr1/XC585802.ogg
abethr1,"['eswdov1', 'helgui', 'rindov']",['song'],-2.8802,38.1861,Turdus tephronotus,African Bare-eyed Thrush,Sidney Shema,Creative Commons Attribution-NonCommercial-ShareAlike 4.0,4.5,https://www.xeno-canto.org/606253,abethr1/XC606253.ogg
abethr1,[],"['adult', 'sex uncertain', 'song']",-2.9858,37.5975,Turdus tephronotus,African Bare-eyed Thrush,isaac kilusu,Creative Commons Attribution-NonCommercial-ShareAlike 4.0,4.0,https://www.xeno-canto.org/616997,abethr1/XC616997.ogg
abethr1,[],"['adult', 'call', 'sex uncertain', 'song']",-2.9858,37.5975,Turdus tephronotus,African Bare-eyed Thrush,isaac kilusu,Creative Commons Attribution-NonCommercial-ShareAlike 4.0,5.0,https://www.xeno-canto.org/639039,abethr1/XC639039.ogg
abethr1,[],[''],-3.1552,40.1326,Turdus tephronotus,African Bare-eyed Thrush,Lars Lachmann,Creative Commons Attribution-NonCommercial-ShareAlike 4.0,3.0,https://xeno-canto.org/756300,abethr1/XC756300.ogg
bagwea1,[],"['call', 'song']",-1.24,36.787,Ploceus baglafecht,Baglafecht Weaver,James and David Bradley,Creative Commons Attribution-NonCommercial-ShareAlike 3.0,3.0,https://www.xeno-canto.org/132731,bagwea1/XC132731.ogg
bagwea1,['grbcam1'],['song'],8.765,38.97,Ploceus baglafecht,Baglafecht Weaver,Rory Nefdt,Creative Commons Attribution-NonCommercial-ShareAlike 4.0,2.5,https://www.xeno-canto.org/195161,bagwea1/XC195161.ogg
bagwea1,[],"['call', 'song']",-1.3677,36.7396,Ploceus baglafecht,Baglafecht Weaver,James Bradley,Creative Commons Attribution-NonCommercial-ShareAlike 4.0,4.0,https://www.xeno-canto.org/205521,bagwea1/XC205521.ogg
bagwea1,[],['call'],0.6798,35.8208,Ploceus baglafecht,Baglafecht Weaver,James Bradley,Creative Commons Attribution-NonCommercial-ShareAlike 4.0,4.0,https://www.xeno-canto.org/205583,bagwea1/XC205583.ogg
bagwea1,['kerspa2'],['song'],-0.6675,36.3188,Ploceus baglafecht,Baglafecht Weaver,Rory Nefdt,Creative Commons Attribution-NonCommercial-ShareAlike 4.0,4.5,https://www.xeno-canto.org/205894,bagwea1/XC205894.ogg
bagwea1,[],"['call', 'song']",-1.0581,29.7985,Ploceus baglafecht,Baglafecht Weaver,Martin St-Michel,Creative Commons Attribution-NonCommercial-ShareAlike 4.0,5.0,https://www.xeno-canto.org/235919,bagwea1/XC235919.ogg
bagwea1,[],"['male', 'song']",-0.989,29.616,Ploceus baglafecht,Baglafecht Weaver,Martin St-Michel,Creative Commons Attribution-NonCommercial-ShareAlike 4.0,5.0,https://www.xeno-canto.org/247387,bagwea1/XC247387.ogg
bagwea1,['affeag1'],"['call', 'male']",7.0569,38.4686,Ploceus baglafecht,Baglafecht Weaver,Guido O. Keijl,Creative Commons Attribution-NonCommercial-ShareAlike 4.0,3.5,https://www.xeno-canto.org/294900,bagwea1/XC294900.ogg
bagwea1,[],"['call', 'song']",-0.636,34.117,Ploceus baglafecht,Baglafecht Weaver,James Bradley,Creative Commons Attribution-NonCommercial-ShareAlike 4.0,4.0,https://www.xeno-canto.org/316216,bagwea1/XC316216.ogg
bagwea1,[],"['call', 'male']",-0.8803,29.641,Ploceus baglafecht,Baglafecht Weaver,Jacek Betleja,Creative Commons Attribution-NonCommercial-ShareAlike 4.0,3.0,https://www.xeno-canto.org/342701,bagwea1/XC342701.ogg
bagwea1,[],['call'],3.8104,32.9224,Ploceus baglafecht,Baglafecht Weaver,Josh Engel,Creative Commons Attribution-NonCommercial-ShareAlike 4.0,4.0,https://www.xeno-canto.org/352745,bagwea1/XC352745.ogg
bagwea1,[],['call'],-1.2043,34.941,Ploceus baglafecht,Baglafecht Weaver,James Bradley,Creative Commons Attribution-NonCommercial-ShareAlike 4.0,5.0,https://www.xeno-canto.org/364582,bagwea1/XC364582.ogg
bagwea1,[],['call'],-1.2639,36.7684,Ploceus baglafecht,Baglafecht Weaver,Anne Ndung'u,Creative Commons Attribution-ShareAlike 4.0,3.0,https://www.xeno-canto.org/367167,bagwea1/XC367167.ogg
bagwea1,[],['call'],-3.3599,36.6909,Ploceus baglafecht,Baglafecht Weaver,isaac kilusu,Creative Commons Attribution-NonCommercial-ShareAlike 4.0,3.0,https://www.xeno-canto.org/375876,bagwea1/XC375876.ogg
bagwea1,[],['call'],-3.3599,36.6909,Ploceus baglafecht,Baglafecht Weaver,isaac kilusu,Creative Commons Attribution-NonCommercial-ShareAlike 4.0,3.0,https://www.xeno-canto.org/375877,bagwea1/XC375877.ogg
bagwea1,[],['call'],-3.3599,36.6909,Ploceus baglafecht,Baglafecht Weaver,isaac kilusu,Creative Commons Attribution-NonCommercial-ShareAlike 4.0,3.0,https://www.xeno-canto.org/375878,bagwea1/XC375878.ogg
bagwea1,[],['flight call'],-3.3823,35.6283,Ploceus baglafecht,Baglafecht Weaver,Bernard BOUSQUET,Creative Commons Attribution-NonCommercial-ShareAlike 4.0,2.0,https://www.xeno-canto.org/440519,bagwea1/XC440519.ogg
bagwea1,"['gycwar3', 'trobou1']",['call'],-1.3283,36.7553,Ploceus baglafecht,Baglafecht Weaver,James Bradley,Creative Commons Attribution-NonCommercial-ShareAlike 4.0,4.5,https://www.xeno-canto.org/444334,bagwea1/XC444334.ogg
bagwea1,[],['song'],-9.2088,34.3008,Ploceus baglafecht,Baglafecht Weaver,Stein Ø. Nilsen,Creative Commons Attribution-NonCommercial-ShareAlike 4.0,4.5,https://www.xeno-canto.org/490710,bagwea1/XC490710.ogg
bagwea1,[],['song'],-9.2088,34.3008,Ploceus baglafecht,Baglafecht Weaver,Stein Ø. Nilsen,Creative Commons Attribution-NonCommercial-ShareAlike 4.0,4.5,https://www.xeno-canto.org/490712,bagwea1/XC490712.ogg
bagwea1,[],['song'],-1.3164,36.7101,Ploceus baglafecht,Baglafecht Weaver,Meena Haribal,Creative Commons Attribution-NonCommercial-ShareAlike 4.0,5.0,https://www.xeno-canto.org/605853,bagwea1/XC605853.ogg
bagwea1,[],"['adult', 'call', 'female', 'male']",-3.0022,37.5654,Ploceus baglafecht,Baglafecht Weaver,isaac kilusu,Creative Commons Attribution-NonCommercial-ShareAlike 4.0,5.0,https://www.xeno-canto.org/622853,bagwea1/XC622853.ogg
bagwea1,[],[''],-0.9873,29.6138,Ploceus baglafecht,Baglafecht Weaver,András Schmidt,Creative Commons Attribution-NonCommercial-ShareAlike 4.0,5.0,https://xeno-canto.org/700635,bagwea1/XC700635.ogg
bagwea1,[],[''],-1.275,36.815,Ploceus baglafecht,Baglafecht Weaver,Lars Lachmann,Creative Commons Attribution-NonCommercial-ShareAlike 4.0,4.0,https://xeno-canto.org/748857,bagwea1/XC748857.ogg
cabgre1,[],['song'],-7.8805,36.0267,Phyllastrephus cabanisi,Cabanis's Greenbul,Louis A. Hansen,Creative Commons Attribution-NonCommercial-ShareAlike 3.0,2.5,https://www.xeno-canto.org/115976,cabgre1/XC115976.ogg
cabgre1,[],['song'],-7.8805,36.0267,Phyllastrephus cabanisi,Cabanis's Greenbul,Louis A. Hansen,Creative Commons Attribution-NonCommercial-ShareAlike 3.0,3.0,https://www.xeno-canto.org/116119,cabgre1/XC116119.ogg
cabgre1,[],['call'],-7.8334,36.3834,Phyllastrephus cabanisi,Cabanis's Greenbul,Louis A. Hansen,Creative Commons Attribution-NonCommercial-ShareAlike 3.0,2.5,https://www.xeno-canto.org/116120,cabgre1/XC116120.ogg
cabgre1,[],['call'],-7.8334,36.3834,Phyllastrephus cabanisi,Cabanis's Greenbul,Louis A. Hansen,Creative Commons Attribution-NonCommercial-ShareAlike 3.0,2.5,https://www.xeno-canto.org/116121,cabgre1/XC116121.ogg
cabgre1,[],['call'],-1.2422,36.8033,Phyllastrephus cabanisi,Cabanis's Greenbul,Rory Nefdt,Creative Commons Attribution-NonCommercial-ShareAlike 3.0,3.0,https://www.xeno-canto.org/122400,cabgre1/XC122400.ogg
cabgre1,[],['song'],-7.8805,36.0267,Phyllastrephus cabanisi,Cabanis's Greenbul,Louis A. Hansen,Creative Commons Attribution-NonCommercial-ShareAlike 3.0,2.5,https://www.xeno-canto.org/123955,cabgre1/XC123955.ogg
cabgre1,[],['call'],-7.8334,36.3834,Phyllastrephus cabanisi,Cabanis's Greenbul,Louis A. Hansen,Creative Commons Attribution-NonCommercial-ShareAlike 3.0,2.5,https://www.xeno-canto.org/124144,cabgre1/XC124144.ogg
cabgre1,[],['call'],-7.8334,36.3834,Phyllastrephus cabanisi,Cabanis's Greenbul,Louis A. Hansen,Creative Commons Attribution-NonCommercial-ShareAlike 3.0,3.0,https://www.xeno-canto.org/124145,cabgre1/XC124145.ogg
cabgre1,[],['song'],-7.8805,36.0267,Phyllastrephus cabanisi,Cabanis's Greenbul,Louis A. Hansen,Creative Commons Attribution-NonCommercial-ShareAlike 3.0,2.5,https://www.xeno-canto.org/124332,cabgre1/XC124332.ogg
cabgre1,[],['song'],-7.8805,36.0267,Phyllastrephus cabanisi,Cabanis's Greenbul,Louis A. Hansen,Creative Commons Attribution-NonCommercial-ShareAlike 3.0,3.5,https://www.xeno-canto.org/124657,cabgre1/XC124657.ogg
cabgre1,[],['song'],-7.8805,36.0267,Phyllastrephus cabanisi,Cabanis's Greenbul,Louis A. Hansen,Creative Commons Attribution-NonCommercial-ShareAlike 3.0,4.0,https://www.xeno-canto.org/124658,cabgre1/XC124658.ogg
cabgre1,[],['call'],-7.8805,36.0267,Phyllastrephus cabanisi,Cabanis's Greenbul,Louis A. Hansen,Creative Commons Attribution-NonCommercial-ShareAlike 3.0,3.5,https://www.xeno-canto.org/124659,cabgre1/XC124659.ogg
cabgre1,[],['call'],-1.9591,30.1071,Phyllastrephus cabanisi,Cabanis's Greenbul,Rolf A. de By,Creative Commons Attribution-NonCommercial-ShareAlike 3.0,2.0,https://www.xeno-canto.org/155156,cabgre1/XC155156.ogg
cabgre1,"['ccbeat1', 'yewgre1']",['call'],-1.237,36.8278,Phyllastrephus cabanisi,Cabanis's Greenbul,James and David Bradley,Creative Commons Attribution-NonCommercial-ShareAlike 3.0,3.5,https://www.xeno-canto.org/155184,cabgre1/XC155184.ogg
cabgre1,[],"['call', 'song']",-0.636,34.117,Phyllastrephus cabanisi,Cabanis's Greenbul,James and David Bradley,Creative Commons Attribution-NonCommercial-ShareAlike 3.0,4.0,https://www.xeno-canto.org/156989,cabgre1/XC156989.ogg
cabgre1,[],"['call', 'song']",0.2362,34.8653,Phyllastrephus cabanisi,Cabanis's Greenbul,James and David Bradley,Creative Commons Attribution-NonCommercial-ShareAlike 3.0,4.0,https://www.xeno-canto.org/158714,cabgre1/XC158714.ogg
cabgre1,[],['call'],-0.636,34.117,Phyllastrephus cabanisi,Cabanis's Greenbul,James and David Bradley,Creative Commons Attribution-NonCommercial-ShareAlike 3.0,4.0,https://www.xeno-canto.org/163715,cabgre1/XC163715.ogg
cabgre1,[],"['call', 'song']",-1.062,29.7865,Phyllastrephus cabanisi,Cabanis's Greenbul,Martin St-Michel,Creative Commons Attribution-NonCommercial-ShareAlike 4.0,3.5,https://www.xeno-canto.org/236129,cabgre1/XC236129.ogg
cabgre1,[],"['call', 'song']",-1.062,29.7865,Phyllastrephus cabanisi,Cabanis's Greenbul,Martin St-Michel,Creative Commons Attribution-NonCommercial-ShareAlike 4.0,3.5,https://www.xeno-canto.org/236130,cabgre1/XC236130.ogg
cabgre1,[],"['alarm call', 'call', 'female', 'male', 'song']",-1.062,29.7865,Phyllastrephus cabanisi,Cabanis's Greenbul,Martin St-Michel,Creative Commons Attribution-NonCommercial-ShareAlike 4.0,4.5,https://www.xeno-canto.org/236131,cabgre1/XC236131.ogg
cabgre1,[],"['alarm call', 'call']",-1.062,29.7865,Phyllastrephus cabanisi,Cabanis's Greenbul,Martin St-Michel,Creative Commons Attribution-NonCommercial-ShareAlike 4.0,3.5,https://www.xeno-canto.org/236132,cabgre1/XC236132.ogg
cabgre1,[],"['female', 'male', 'song']",-0.6143,34.0906,Phyllastrephus cabanisi,Cabanis's Greenbul,James Bradley,Creative Commons Attribution-NonCommercial-ShareAlike 4.0,4.0,https://www.xeno-canto.org/289459,cabgre1/XC289459.ogg
cabgre1,[],"['female', 'male', 'song']",-0.636,34.117,Phyllastrephus cabanisi,Cabanis's Greenbul,James Bradley,Creative Commons Attribution-NonCommercial-ShareAlike 4.0,4.0,https://www.xeno-canto.org/289528,cabgre1/XC289528.ogg
cabgre1,[],['song'],3.8104,32.9224,Phyllastrephus cabanisi,Cabanis's Greenbul,Josh Engel,Creative Commons Attribution-NonCommercial-ShareAlike 4.0,3.5,https://www.xeno-canto.org/352740,cabgre1/XC352740.ogg
cabgre1,[],['alarm call'],-1.2043,34.941,Phyllastrephus cabanisi,Cabanis's Greenbul,James Bradley,Creative Commons Attribution-NonCommercial-ShareAlike 4.0,3.0,https://www.xeno-canto.org/388652,cabgre1/XC388652.ogg
cabgre1,[],['call'],-1.1459,34.9691,Phyllastrephus cabanisi,Cabanis's Greenbul,James Bradley,Creative Commons Attribution-NonCommercial-ShareAlike 4.0,4.0,https://www.xeno-canto.org/396381,cabgre1/XC396381.ogg
cabgre1,"['gryapa1', 'yewgre1']",['call'],-0.9681,36.6945,Phyllastrephus cabanisi,Cabanis's Greenbul,Bram Piot,Creative Commons Attribution-NonCommercial-ShareAlike 4.0,3.5,https://www.xeno-canto.org/434140,cabgre1/XC434140.ogg
cabgre1,[],['call'],-7.8085,36.4921,Phyllastrephus cabanisi,Cabanis's Greenbul,Louis A. Hansen,Creative Commons Attribution-NonCommercial-ShareAlike 4.0,2.5,https://www.xeno-canto.org/444489,cabgre1/XC444489.ogg
cabgre1,['chtapa3'],['call'],0.6679,35.8395,Phyllastrephus cabanisi,Cabanis's Greenbul,James Bradley,Creative Commons Attribution-NonCommercial-ShareAlike 4.0,3.5,https://www.xeno-canto.org/444570,cabgre1/XC444570.ogg
cabgre1,[],"['call', 'song']",-12.561,30.2654,Phyllastrephus cabanisi,Cabanis's Greenbul,Dries Van de Loock,Creative Commons Attribution-NonCommercial-ShareAlike 4.0,0.0,https://www.xeno-canto.org/546580,cabgre1/XC546580.ogg
cabgre1,[],"['call', 'song']",0.352,34.861,Phyllastrephus cabanisi,Cabanis's Greenbul,Scott Connop,Creative Commons Attribution-NonCommercial-ShareAlike 4.0,4.0,https://www.xeno-canto.org/555846,cabgre1/XC555846.ogg
cabgre1,[],[''],-3.3833,36.7833,Phyllastrephus cabanisi,Cabanis's Greenbul,isaac kilusu,Creative Commons Attribution-NonCommercial-ShareAlike 4.0,4.0,https://xeno-canto.org/703341,cabgre1/XC703341.ogg
cabgre1,[],[''],-0.3986,37.3087,Phyllastrephus cabanisi,Cabanis's Greenbul,Lars Lachmann,Creative Commons Attribution-NonCommercial-ShareAlike 4.0,4.5,https://xeno-canto.org/753194,cabgre1/XC753194.ogg
cabgre1,[],[''],-3.3528,38.3376,Phyllastrephus cabanisi,Cabanis's Greenbul,Lars Lachmann,Creative Commons Attribution-NonCommercial-ShareAlike 4.0,3.0,https://xeno-canto.org/754034,cabgre1/XC754034.ogg
darbar1,[],"['female', 'male', 'song']",-2.034,37.38,Trachyphonus darnaudii,D'Arnaud's Barbet,James Bradley,Creative Commons Attribution-NonCommercial-ShareAlike 3.0,4.0,https://www.xeno-canto.org/131907,darbar1/XC131907.ogg
darbar1,[],['song'],0.5824,37.5861,Trachyphonus darnaudii,D'Arnaud's Barbet,Rory Nefdt,Creative Commons Attribution-NonCommercial-ShareAlike 4.0,3.0,https://www.xeno-canto.org/234628,darbar1/XC234628.ogg
darbar1,"['eswdov1', 'ratcis1', 'reedov1', 'rindov', 'supsta1']","['female', 'male', 'song']",0.0033,36.9454,Trachyphonus darnaudii,D'Arnaud's Barbet,Rory Nefdt,Creative Commons Attribution-NonCommercial-ShareAlike 4.0,3.5,https://www.xeno-canto.org/240872,darbar1/XC240872.ogg
darbar1,"['grbcam1', 'piecro1', 'rindov', 'slcbou1']","['female', 'male', 'song']",0.0033,36.9454,Trachyphonus darnaudii,D'Arnaud's Barbet,Rory Nefdt,Creative Commons Attribution-NonCommercial-ShareAlike 4.0,3.5,https://www.xeno-canto.org/240874,darbar1/XC240874.ogg
darbar1,[],['song'],4.7351,39.2277,Trachyphonus darnaudii,D'Arnaud's Barbet,Andrew Spencer,Creative Commons Attribution-NonCommercial-ShareAlike 4.0,4.0,https://www.xeno-canto.org/244606,darbar1/XC244606.ogg
darbar1,[],['song'],4.7351,39.2277,Trachyphonus darnaudii,D'Arnaud's Barbet,Andrew Spencer,Creative Commons Attribution-NonCommercial-ShareAlike 4.0,4.0,https://www.xeno-canto.org/244607,darbar1/XC244607.ogg
darbar1,[],['song'],4.1737,38.2808,Trachyphonus darnaudii,D'Arnaud's Barbet,Andrew Spencer,Creative Commons Attribution-NonCommercial-ShareAlike 4.0,5.0,https://www.xeno-canto.org/244609,darbar1/XC244609.ogg
darbar1,[],['song'],0.6176,35.9816,Trachyphonus darnaudii,D'Arnaud's Barbet,Craig Robertson,Creative Commons Attribution-NonCommercial-ShareAlike 4.0,4.0,https://www.xeno-canto.org/337023,darbar1/XC337023.ogg
darbar1,[],['alarm call'],-1.5765,36.6316,Trachyphonus darnaudii,D'Arnaud's Barbet,James Bradley,Creative Commons Attribution-NonCommercial-ShareAlike 4.0,4.0,https://www.xeno-canto.org/345087,darbar1/XC345087.ogg
darbar1,[],['song'],-2.651,37.187,Trachyphonus darnaudii,D'Arnaud's Barbet,isaac kilusu,Creative Commons Attribution-NonCommercial-ShareAlike 4.0,4.0,https://www.xeno-canto.org/371368,darbar1/XC371368.ogg
darbar1,[],['duet'],-2.651,37.187,Trachyphonus darnaudii,D'Arnaud's Barbet,isaac kilusu,Creative Commons Attribution-NonCommercial-ShareAlike 4.0,3.0,https://www.xeno-canto.org/373991,darbar1/XC373991.ogg
darbar1,[],['song'],-3.02,35.0194,Trachyphonus darnaudii,D'Arnaud's Barbet,Bernard BOUSQUET,Creative Commons Attribution-NonCommercial-ShareAlike 4.0,2.0,https://www.xeno-canto.org/426180,darbar1/XC426180.ogg
darbar1,[],['song'],-1.2146,35.7794,Trachyphonus darnaudii,D'Arnaud's Barbet,James Bradley,Creative Commons Attribution-NonCommercial-ShareAlike 4.0,4.0,https://www.xeno-canto.org/431766,darbar1/XC431766.ogg
darbar1,[],['song'],1.3088,34.9554,Trachyphonus darnaudii,D'Arnaud's Barbet,James Bradley,Creative Commons Attribution-NonCommercial-ShareAlike 4.0,4.5,https://www.xeno-canto.org/444649,darbar1/XC444649.ogg
darbar1,[],['song'],-4.0904,37.8807,Trachyphonus darnaudii,D'Arnaud's Barbet,Peter Ericsson,Creative Commons Attribution-NonCommercial-ShareAlike 4.0,5.0,https://www.xeno-canto.org/467119,darbar1/XC467119.ogg
darbar1,[],"['adult', 'female', 'male', 'song']",-0.5636,34.1117,Trachyphonus darnaudii,D'Arnaud's Barbet,James Bradley,Creative Commons Attribution-NonCommercial-ShareAlike 4.0,4.0,https://www.xeno-canto.org/536672,darbar1/XC536672.ogg
darbar1,[],"['adult', 'sex uncertain', 'song']",-2.9858,37.5975,Trachyphonus darnaudii,D'Arnaud's Barbet,isaac kilusu,Creative Commons Attribution-NonCommercial-ShareAlike 4.0,5.0,https://www.xeno-canto.org/601813,darbar1/XC601813.ogg
darbar1,[],"['adult', 'call', 'sex uncertain']",-2.9858,37.5975,Trachyphonus darnaudii,D'Arnaud's Barbet,isaac kilusu,Creative Commons Attribution-NonCommercial-ShareAlike 4.0,5.0,https://www.xeno-canto.org/601814,darbar1/XC601814.ogg
darbar1,[],"['adult', 'sex uncertain', 'song']",-2.9858,37.5975,Trachyphonus darnaudii,D'Arnaud's Barbet,isaac kilusu,Creative Commons Attribution-NonCommercial-ShareAlike 4.0,5.0,https://www.xeno-canto.org/601815,darbar1/XC601815.ogg
darbar1,[],"['adult', 'sex uncertain', 'song']",-2.9858,37.5975,Trachyphonus darnaudii,D'Arnaud's Barbet,isaac kilusu,Creative Commons Attribution-NonCommercial-ShareAlike 4.0,5.0,https://www.xeno-canto.org/601816,darbar1/XC601816.ogg
darbar1,[],"['adult', 'sex uncertain', 'song']",-2.9858,37.5975,Trachyphonus darnaudii,D'Arnaud's Barbet,isaac kilusu,Creative Commons Attribution-NonCommercial-ShareAlike 4.0,5.0,https://www.xeno-canto.org/601817,darbar1/XC601817.ogg
darbar1,[],"['adult', 'sex uncertain', 'song']",-2.9858,37.5975,Trachyphonus darnaudii,D'Arnaud's Barbet,isaac kilusu,Creative Commons Attribution-NonCommercial-ShareAlike 4.0,5.0,https://www.xeno-canto.org/601818,darbar1/XC601818.ogg
darbar1,[],"['adult', 'sex uncertain', 'song']",-2.9858,37.5975,Trachyphonus darnaudii,D'Arnaud's Barbet,isaac kilusu,Creative Commons Attribution-NonCommercial-ShareAlike 4.0,5.0,https://www.xeno-canto.org/601819,darbar1/XC601819.ogg
darbar1,[],"['adult', 'sex uncertain', 'song']",-2.9858,37.5975,Trachyphonus darnaudii,D'Arnaud's Barbet,isaac kilusu,Creative Commons Attribution-NonCommercial-ShareAlike 4.0,5.0,https://www.xeno-canto.org/601820,darbar1/XC601820.ogg
darbar1,[],"['adult', 'sex uncertain', 'song']",-2.9858,37.5975,Trachyphonus darnaudii,D'Arnaud's Barbet,isaac kilusu,Creative Commons Attribution-NonCommercial-ShareAlike 4.0,5.0,https://www.xeno-canto.org/601821,darbar1/XC601821.ogg
darbar1,[],"['adult', 'sex uncertain', 'song']",-2.9858,37.5975,Trachyphonus darnaudii,D'Arnaud's Barbet,isaac kilusu,Creative Commons Attribution-NonCommercial-ShareAlike 4.0,5.0,https://www.xeno-canto.org/601822,darbar1/XC601822.ogg
darbar1,[],"['adult', 'sex uncertain', 'song']",-2.9858,37.5975,Trachyphonus darnaudii,D'Arnaud's Barbet,isaac kilusu,Creative Commons Attribution-NonCommercial-ShareAlike 4.0,5.0,https://www.xeno-canto.org/601823,darbar1/XC601823.ogg
darbar1,[],['call'],-2.9847,34.9983,Trachyphonus darnaudii,D'Arnaud's Barbet,Bernard BOUSQUET,Creative Commons Attribution-NonCommercial-ShareAlike 4.0,3.0,https://www.xeno-canto.org/604709,darbar1/XC604709.ogg
darbar1,[],['song'],-2.5727,34.7597,Trachyphonus darnaudii,D'Arnaud's Barbet,Bernard BOUSQUET,Creative Commons Attribution-NonCommercial-ShareAlike 4.0,3.0,https://www.xeno-canto.org/614624,darbar1/XC614624.ogg
darbar1,[],"['adult', 'sex uncertain', 'song']",-4.9128,35.7952,Trachyphonus darnaudii,D'Arnaud's Barbet,isaac kilusu,Creative Commons Attribution-NonCommercial-ShareAlike 4.0,4.0,http://xeno-canto.org/667275,darbar1/XC667275.ogg
darbar1,[],[''],5.027,38.215,Trachyphonus darnaudii,D'Arnaud's Barbet,Brian Henderson,Creative Commons Attribution-NonCommercial-ShareAlike 4.0,3.0,https://xeno-canto.org/699732,darbar1/XC699732.ogg
darbar1,[],[''],-1.8495,36.8708,Trachyphonus darnaudii,D'Arnaud's Barbet,Lars Lachmann,Creative Commons Attribution-NonCommercial-ShareAlike 4.0,2.0,https://xeno-canto.org/753984,darbar1/XC753984.ogg
easmog1,[],['call'],-1.4576,29.5012,Arizelocichla nigriceps,Eastern Mountain Greenbul,Rolf A. de By,Creative Commons Attribution-NonCommercial-ShareAlike 3.0,4.0,https://www.xeno-canto.org/155155,easmog1/XC155155.ogg
easmog1,[],['call'],-1.3589,29.6187,Arizelocichla nigriceps,Eastern Mountain Greenbul,Martin St-Michel,Creative Commons Attribution-NonCommercial-ShareAlike 4.0,4.0,https://www.xeno-canto.org/233773,easmog1/XC233773.ogg
easmog1,[],['call'],-1.2502,29.7971,Arizelocichla nigriceps,Eastern Mountain Greenbul,Martin St-Michel,Creative Commons Attribution-NonCommercial-ShareAlike 4.0,4.0,https://www.xeno-canto.org/234729,easmog1/XC234729.ogg
easmog1,[],['call'],-1.3589,29.6187,Arizelocichla nigriceps,Eastern Mountain Greenbul,Martin St-Michel,Creative Commons Attribution-NonCommercial-ShareAlike 4.0,3.0,https://www.xeno-canto.org/235700,easmog1/XC235700.ogg
easmog1,"['yertin1', 'yewgre1']",['call'],-1.062,29.7865,Arizelocichla nigriceps,Eastern Mountain Greenbul,Martin St-Michel,Creative Commons Attribution-NonCommercial-ShareAlike 4.0,3.5,https://www.xeno-canto.org/235933,easmog1/XC235933.ogg
easmog1,[],['call'],-1.3589,29.6187,Arizelocichla nigriceps,Eastern Mountain Greenbul,Martin St-Michel,Creative Commons Attribution-NonCommercial-ShareAlike 4.0,4.0,https://www.xeno-canto.org/266004,easmog1/XC266004.ogg
easmog1,[],['song'],-1.0173,36.6781,Arizelocichla nigriceps,Eastern Mountain Greenbul,James Bradley,Creative Commons Attribution-NonCommercial-ShareAlike 4.0,4.0,https://www.xeno-canto.org/289569,easmog1/XC289569.ogg
easmog1,[],['call'],-0.636,34.117,Arizelocichla nigriceps,Eastern Mountain Greenbul,James Bradley,Creative Commons Attribution-NonCommercial-ShareAlike 4.0,2.0,https://www.xeno-canto.org/316030,easmog1/XC316030.ogg
easmog1,[],['call'],-0.9681,36.6945,Arizelocichla nigriceps,Eastern Mountain Greenbul,Bram Piot,Creative Commons Attribution-NonCommercial-ShareAlike 4.0,5.0,https://www.xeno-canto.org/434328,easmog1/XC434328.ogg
easmog1,[],['song'],-0.636,34.117,Arizelocichla nigriceps,Eastern Mountain Greenbul,James Bradley,Creative Commons Attribution-NonCommercial-ShareAlike 4.0,2.0,https://www.xeno-canto.org/469902,easmog1/XC469902.ogg
easmog1,[],['call'],-4.7772,38.3205,Arizelocichla nigriceps,Eastern Mountain Greenbul,Rolf A. de By,Creative Commons Attribution-NonCommercial-ShareAlike 4.0,4.0,https://www.xeno-canto.org/473926,easmog1/XC473926.ogg
easmog1,[],"['adult', 'call', 'sex uncertain']",-2.9363,37.4901,Arizelocichla nigriceps,Eastern Mountain Greenbul,isaac kilusu,Creative Commons Attribution-NonCommercial-ShareAlike 4.0,2.0,http://xeno-canto.org/690369,easmog1/XC690369.ogg
easmog1,[],[''],-1.2502,29.7971,Arizelocichla nigriceps,Eastern Mountain Greenbul,András Schmidt,Creative Commons Attribution-NonCommercial-ShareAlike 4.0,4.0,https://xeno-canto.org/703473,easmog1/XC703473.ogg
easmog1,[],[''],-1.3632,29.6121,Arizelocichla nigriceps,Eastern Mountain Greenbul,András Schmidt,Creative Commons Attribution-NonCommercial-ShareAlike 4.0,4.0,https://xeno-canto.org/704478,easmog1/XC704478.ogg
easmog1,[],[''],-1.3621,29.6001,Arizelocichla nigriceps,Eastern Mountain Greenbul,András Schmidt,Creative Commons Attribution-NonCommercial-ShareAlike 4.0,5.0,https://xeno-canto.org/704569,easmog1/XC704569.ogg
fatrav1,[],['call'],9.8013,38.5483,Corvus rhipidurus,Fan-tailed Raven,Andrew Spencer,Creative Commons Attribution-NonCommercial-ShareAlike 4.0,5.0,https://www.xeno-canto.org/267910,fatrav1/XC267910.ogg
fatrav1,[],['call'],9.847,39.7441,Corvus rhipidurus,Fan-tailed Raven,Andrew Spencer,Creative Commons Attribution-NonCommercial-ShareAlike 4.0,5.0,https://www.xeno-canto.org/267911,fatrav1/XC267911.ogg
fatrav1,[],['call'],7.5479,38.6835,Corvus rhipidurus,Fan-tailed Raven,Andrew Spencer,Creative Commons Attribution-NonCommercial-ShareAlike 4.0,5.0,https://www.xeno-canto.org/267912,fatrav1/XC267912.ogg
fatrav1,[],['call'],18.9649,42.1392,Corvus rhipidurus,Fan-tailed Raven,Guido O. Keijl,Creative Commons Attribution-NonCommercial-ShareAlike 4.0,2.5,https://www.xeno-canto.org/293487,fatrav1/XC293487.ogg
fatrav1,[],['call'],18.9639,42.1312,Corvus rhipidurus,Fan-tailed Raven,Guido O. Keijl,Creative Commons Attribution-NonCommercial-ShareAlike 4.0,4.0,https://www.xeno-canto.org/293554,fatrav1/XC293554.ogg
fatrav1,[],"['call', 'flight call']",31.5197,35.3865,Corvus rhipidurus,Fan-tailed Raven,Thomas Lüthi,Creative Commons Attribution-NonCommercial-ShareAlike 4.0,4.5,https://www.xeno-canto.org/322388,fatrav1/XC322388.ogg
fatrav1,[],['call'],31.4714,35.3758,Corvus rhipidurus,Fan-tailed Raven,Tero Linjama,Creative Commons Attribution-NonCommercial-ShareAlike 4.0,5.0,https://www.xeno-canto.org/348306,fatrav1/XC348306.ogg
fatrav1,[],['flight call'],31.1367,35.3289,Corvus rhipidurus,Fan-tailed Raven,Simon Vyncke,Creative Commons Attribution-NonCommercial-ShareAlike 4.0,5.0,https://www.xeno-canto.org/354694,fatrav1/XC354694.ogg
fatrav1,[],['call'],17.1024,54.45,Corvus rhipidurus,Fan-tailed Raven,Matthias Feuersenger,Creative Commons Attribution-NonCommercial-ShareAlike 4.0,5.0,https://www.xeno-canto.org/371194,fatrav1/XC371194.ogg
fatrav1,[],['call'],17.1024,54.45,Corvus rhipidurus,Fan-tailed Raven,Matthias Feuersenger,Creative Commons Attribution-NonCommercial-ShareAlike 4.0,4.5,https://www.xeno-canto.org/371225,fatrav1/XC371225.ogg
fatrav1,[],['flight call'],17.114,54.5583,Corvus rhipidurus,Fan-tailed Raven,Oscar Campbell,Creative Commons Attribution-NonCommercial-ShareAlike 4.0,5.0,https://www.xeno-canto.org/445355,fatrav1/XC445355.ogg
fatrav1,[],['alarm call'],24.3445,39.0073,Corvus rhipidurus,Fan-tailed Raven,David Darrell-Lambert,Creative Commons Attribution-NonCommercial-ShareAlike 4.0,4.5,https://www.xeno-canto.org/447027,fatrav1/XC447027.ogg
fatrav1,[],['call'],12.0413,39.0372,Corvus rhipidurus,Fan-tailed Raven,Oscar Campbell,Creative Commons Attribution-NonCommercial-ShareAlike 4.0,5.0,https://www.xeno-canto.org/474458,fatrav1/XC474458.ogg
fatrav1,[],['Wingflaps'],7.4103,38.4255,Corvus rhipidurus,Fan-tailed Raven,Aladdin,Creative Commons Attribution-NonCommercial-ShareAlike 4.0,0.0,https://www.xeno-canto.org/509609,fatrav1/XC509609.ogg
fatrav1,[],['call'],9.7335,38.8163,Corvus rhipidurus,Fan-tailed Raven,Aladdin,Creative Commons Attribution-NonCommercial-ShareAlike 4.0,0.0,https://www.xeno-canto.org/512852,fatrav1/XC512852.ogg
fatrav1,[],['call'],17.113,54.5598,Corvus rhipidurus,Fan-tailed Raven,James Lidster,Creative Commons Attribution-NonCommercial-ShareAlike 4.0,0.0,https://www.xeno-canto.org/529125,fatrav1/XC529125.ogg
fatrav1,[],['call'],17.113,54.5598,Corvus rhipidurus,Fan-tailed Raven,James Lidster,Creative Commons Attribution-NonCommercial-ShareAlike 4.0,0.0,https://www.xeno-canto.org/529126,fatrav1/XC529126.ogg
fatrav1,[],['call'],17.1132,54.5798,Corvus rhipidurus,Fan-tailed Raven,Jerome Fischer,Creative Commons Attribution-NonCommercial-ShareAlike 4.0,4.0,http://xeno-canto.org/687329,fatrav1/XC687329.ogg
fatrav1,[],['call'],17.1132,54.5798,Corvus rhipidurus,Fan-tailed Raven,Jerome Fischer,Creative Commons Attribution-NonCommercial-ShareAlike 4.0,4.0,http://xeno-canto.org/687331,fatrav1/XC687331.ogg
fatrav1,[],['call'],17.1132,54.5798,Corvus rhipidurus,Fan-tailed Raven,Jerome Fischer,Creative Commons Attribution-NonCommercial-ShareAlike 4.0,4.0,http://xeno-canto.org/687332,fatrav1/XC687332.ogg
fatrav1,[],[''],18.2717,42.384,Corvus rhipidurus,Fan-tailed Raven,David Darrell-Lambert,Creative Commons Attribution-NonCommercial-ShareAlike 4.0,4.0,https://xeno-canto.org/746120,fatrav1/XC746120.ogg
fatrav1,[],[''],18.2717,42.384,Corvus rhipidurus,Fan-tailed Raven,David Darrell-Lambert,Creative Commons Attribution-NonCommercial-ShareAlike 4.0,4.0,https://xeno-canto.org/746121,fatrav1/XC746121.ogg
fatrav1,[],[''],18.1952,42.4769,Corvus rhipidurus,Fan-tailed Raven,David Darrell-Lambert,Creative Commons Attribution-NonCommercial-ShareAlike 4.0,5.0,https://xeno-canto.org/746540,fatrav1/XC746540.ogg
fatrav1,[],[''],18.1952,42.4769,Corvus rhipidurus,Fan-tailed Raven,David Darrell-Lambert,Creative Commons Attribution-NonCommercial-ShareAlike 4.0,5.0,https://xeno-canto.org/746541,fatrav1/XC746541.ogg
fatrav1,[],[''],0.2841,36.9102,Corvus rhipidurus,Fan-tailed Raven,Alexander Schlatmann,Creative Commons Attribution-NonCommercial-ShareAlike 4.0,3.5,https://xeno-canto.org/748247,fatrav1/XC748247.ogg
